,year,date,hour,temp,humidity
0,2012,"Wed, Feb 1",12:51 am,51,77%
1,2012,"Wed, Feb 1",1:51 am,53,72%
2,2012,"Wed, Feb 1",2:51 am,53,80%
3,2012,"Wed, Feb 1",3:51 am,50,89%
4,2012,"Wed, Feb 1",4:51 am,49,90%
5,2012,"Wed, Feb 1",5:51 am,50,83%
6,2012,"Wed, Feb 1",6:51 am,50,80%
7,2012,"Wed, Feb 1",7:51 am,51,80%
8,2012,"Wed, Feb 1",8:51 am,56,75%
9,2012,"Wed, Feb 1",9:51 am,59,67%
10,2012,"Wed, Feb 1",10:51 am,62,60%
11,2012,"Wed, Feb 1",11:51 am,62,65%
12,2012,"Wed, Feb 1",12:51 pm,61,67%
13,2012,"Wed, Feb 1",1:51 pm,60,75%
14,2012,"Wed, Feb 1",2:51 pm,60,67%
15,2012,"Wed, Feb 1",3:51 pm,59,75%
16,2012,"Wed, Feb 1",4:51 pm,58,78%
17,2012,"Wed, Feb 1",6:06 pm,57,82%
18,2012,"Wed, Feb 1",6:51 pm,56,87%
19,2012,"Wed, Feb 1",7:51 pm,55,90%
20,2012,"Wed, Feb 1",8:51 pm,54,90%
21,2012,"Wed, Feb 1",9:51 pm,59,48%
22,2012,"Wed, Feb 1",10:51 pm,53,86%
23,2012,"Wed, Feb 1",11:51 pm,52,89%
24,2012,"Thu, Feb 2",12:51 am,51,77%
25,2012,"Thu, Feb 2",1:51 am,53,72%
26,2012,"Thu, Feb 2",2:51 am,53,80%
27,2012,"Thu, Feb 2",3:51 am,50,89%
28,2012,"Thu, Feb 2",4:51 am,49,90%
29,2012,"Thu, Feb 2",5:51 am,50,83%
30,2012,"Thu, Feb 2",6:51 am,50,80%
31,2012,"Thu, Feb 2",7:51 am,51,80%
32,2012,"Thu, Feb 2",8:51 am,56,75%
33,2012,"Thu, Feb 2",9:51 am,59,67%
34,2012,"Thu, Feb 2",10:51 am,62,60%
35,2012,"Thu, Feb 2",11:51 am,62,65%
36,2012,"Thu, Feb 2",12:51 pm,61,67%
37,2012,"Thu, Feb 2",1:51 pm,60,75%
38,2012,"Thu, Feb 2",2:51 pm,60,67%
39,2012,"Thu, Feb 2",3:51 pm,59,75%
40,2012,"Thu, Feb 2",4:51 pm,58,78%
41,2012,"Thu, Feb 2",6:06 pm,57,82%
42,2012,"Thu, Feb 2",6:51 pm,56,87%
43,2012,"Thu, Feb 2",7:51 pm,55,90%
44,2012,"Thu, Feb 2",8:51 pm,54,90%
45,2012,"Thu, Feb 2",9:51 pm,59,48%
46,2012,"Thu, Feb 2",10:51 pm,53,86%
47,2012,"Thu, Feb 2",11:51 pm,52,89%
48,2012,"Fri, Feb 3",12:51 am,51,77%
49,2012,"Fri, Feb 3",1:51 am,53,72%
50,2012,"Fri, Feb 3",2:51 am,53,80%
51,2012,"Fri, Feb 3",3:51 am,50,89%
52,2012,"Fri, Feb 3",4:51 am,49,90%
53,2012,"Fri, Feb 3",5:51 am,50,83%
54,2012,"Fri, Feb 3",6:51 am,50,80%
55,2012,"Fri, Feb 3",7:51 am,51,80%
56,2012,"Fri, Feb 3",8:51 am,56,75%
57,2012,"Fri, Feb 3",9:51 am,59,67%
58,2012,"Fri, Feb 3",10:51 am,62,60%
59,2012,"Fri, Feb 3",11:51 am,62,65%
60,2012,"Fri, Feb 3",12:51 pm,61,67%
61,2012,"Fri, Feb 3",1:51 pm,60,75%
62,2012,"Fri, Feb 3",2:51 pm,60,67%
63,2012,"Fri, Feb 3",3:51 pm,59,75%
64,2012,"Fri, Feb 3",4:51 pm,58,78%
65,2012,"Fri, Feb 3",6:06 pm,57,82%
66,2012,"Fri, Feb 3",6:51 pm,56,87%
67,2012,"Fri, Feb 3",7:51 pm,55,90%
68,2012,"Fri, Feb 3",8:51 pm,54,90%
69,2012,"Fri, Feb 3",9:51 pm,59,48%
70,2012,"Fri, Feb 3",10:51 pm,53,86%
71,2012,"Fri, Feb 3",11:51 pm,52,89%
72,2012,"Sat, Feb 4",12:51 am,51,77%
73,2012,"Sat, Feb 4",1:51 am,53,72%
74,2012,"Sat, Feb 4",2:51 am,53,80%
75,2012,"Sat, Feb 4",3:51 am,50,89%
76,2012,"Sat, Feb 4",4:51 am,49,90%
77,2012,"Sat, Feb 4",5:51 am,50,83%
78,2012,"Sat, Feb 4",6:51 am,50,80%
79,2012,"Sat, Feb 4",7:51 am,51,80%
80,2012,"Sat, Feb 4",8:51 am,56,75%
81,2012,"Sat, Feb 4",9:51 am,59,67%
82,2012,"Sat, Feb 4",10:51 am,62,60%
83,2012,"Sat, Feb 4",11:51 am,62,65%
84,2012,"Sat, Feb 4",12:51 pm,61,67%
85,2012,"Sat, Feb 4",1:51 pm,60,75%
86,2012,"Sat, Feb 4",2:51 pm,60,67%
87,2012,"Sat, Feb 4",3:51 pm,59,75%
88,2012,"Sat, Feb 4",4:51 pm,58,78%
89,2012,"Sat, Feb 4",6:06 pm,57,82%
90,2012,"Sat, Feb 4",6:51 pm,56,87%
91,2012,"Sat, Feb 4",7:51 pm,55,90%
92,2012,"Sat, Feb 4",8:51 pm,54,90%
93,2012,"Sat, Feb 4",9:51 pm,59,48%
94,2012,"Sat, Feb 4",10:51 pm,53,86%
95,2012,"Sat, Feb 4",11:51 pm,52,89%
96,2012,"Sun, Feb 5",12:51 am,51,77%
97,2012,"Sun, Feb 5",1:51 am,53,72%
98,2012,"Sun, Feb 5",2:51 am,53,80%
99,2012,"Sun, Feb 5",3:51 am,50,89%
100,2012,"Sun, Feb 5",4:51 am,49,90%
101,2012,"Sun, Feb 5",5:51 am,50,83%
102,2012,"Sun, Feb 5",6:51 am,50,80%
103,2012,"Sun, Feb 5",7:51 am,51,80%
104,2012,"Sun, Feb 5",8:51 am,56,75%
105,2012,"Sun, Feb 5",9:51 am,59,67%
106,2012,"Sun, Feb 5",10:51 am,62,60%
107,2012,"Sun, Feb 5",11:51 am,62,65%
108,2012,"Sun, Feb 5",12:51 pm,61,67%
109,2012,"Sun, Feb 5",1:51 pm,60,75%
110,2012,"Sun, Feb 5",2:51 pm,60,67%
111,2012,"Sun, Feb 5",3:51 pm,59,75%
112,2012,"Sun, Feb 5",4:51 pm,58,78%
113,2012,"Sun, Feb 5",6:06 pm,57,82%
114,2012,"Sun, Feb 5",6:51 pm,56,87%
115,2012,"Sun, Feb 5",7:51 pm,55,90%
116,2012,"Sun, Feb 5",8:51 pm,54,90%
117,2012,"Sun, Feb 5",9:51 pm,59,48%
118,2012,"Sun, Feb 5",10:51 pm,53,86%
119,2012,"Sun, Feb 5",11:51 pm,52,89%
120,2012,"Mon, Feb 6",12:51 am,51,77%
121,2012,"Mon, Feb 6",1:51 am,53,72%
122,2012,"Mon, Feb 6",2:51 am,53,80%
123,2012,"Mon, Feb 6",3:51 am,50,89%
124,2012,"Mon, Feb 6",4:51 am,49,90%
125,2012,"Mon, Feb 6",5:51 am,50,83%
126,2012,"Mon, Feb 6",6:51 am,50,80%
127,2012,"Mon, Feb 6",7:51 am,51,80%
128,2012,"Mon, Feb 6",8:51 am,56,75%
129,2012,"Mon, Feb 6",9:51 am,59,67%
130,2012,"Mon, Feb 6",10:51 am,62,60%
131,2012,"Mon, Feb 6",11:51 am,62,65%
132,2012,"Mon, Feb 6",12:51 pm,61,67%
133,2012,"Mon, Feb 6",1:51 pm,60,75%
134,2012,"Mon, Feb 6",2:51 pm,60,67%
135,2012,"Mon, Feb 6",3:51 pm,59,75%
136,2012,"Mon, Feb 6",4:51 pm,58,78%
137,2012,"Mon, Feb 6",6:06 pm,57,82%
138,2012,"Mon, Feb 6",6:51 pm,56,87%
139,2012,"Mon, Feb 6",7:51 pm,55,90%
140,2012,"Mon, Feb 6",8:51 pm,54,90%
141,2012,"Mon, Feb 6",9:51 pm,59,48%
142,2012,"Mon, Feb 6",10:51 pm,53,86%
143,2012,"Mon, Feb 6",11:51 pm,52,89%
144,2012,"Tue, Feb 7",12:51 am,51,77%
145,2012,"Tue, Feb 7",1:51 am,53,72%
146,2012,"Tue, Feb 7",2:51 am,53,80%
147,2012,"Tue, Feb 7",3:51 am,50,89%
148,2012,"Tue, Feb 7",4:51 am,49,90%
149,2012,"Tue, Feb 7",5:51 am,50,83%
150,2012,"Tue, Feb 7",6:51 am,50,80%
151,2012,"Tue, Feb 7",7:51 am,51,80%
152,2012,"Tue, Feb 7",8:51 am,56,75%
153,2012,"Tue, Feb 7",9:51 am,59,67%
154,2012,"Tue, Feb 7",10:51 am,62,60%
155,2012,"Tue, Feb 7",11:51 am,62,65%
156,2012,"Tue, Feb 7",12:51 pm,61,67%
157,2012,"Tue, Feb 7",1:51 pm,60,75%
158,2012,"Tue, Feb 7",2:51 pm,60,67%
159,2012,"Tue, Feb 7",3:51 pm,59,75%
160,2012,"Tue, Feb 7",4:51 pm,58,78%
161,2012,"Tue, Feb 7",6:06 pm,57,82%
162,2012,"Tue, Feb 7",6:51 pm,56,87%
163,2012,"Tue, Feb 7",7:51 pm,55,90%
164,2012,"Tue, Feb 7",8:51 pm,54,90%
165,2012,"Tue, Feb 7",9:51 pm,59,48%
166,2012,"Tue, Feb 7",10:51 pm,53,86%
167,2012,"Tue, Feb 7",11:51 pm,52,89%
168,2012,"Wed, Feb 8",12:51 am,51,77%
169,2012,"Wed, Feb 8",1:51 am,53,72%
170,2012,"Wed, Feb 8",2:51 am,53,80%
171,2012,"Wed, Feb 8",3:51 am,50,89%
172,2012,"Wed, Feb 8",4:51 am,49,90%
173,2012,"Wed, Feb 8",5:51 am,50,83%
174,2012,"Wed, Feb 8",6:51 am,50,80%
175,2012,"Wed, Feb 8",7:51 am,51,80%
176,2012,"Wed, Feb 8",8:51 am,56,75%
177,2012,"Wed, Feb 8",9:51 am,59,67%
178,2012,"Wed, Feb 8",10:51 am,62,60%
179,2012,"Wed, Feb 8",11:51 am,62,65%
180,2012,"Wed, Feb 8",12:51 pm,61,67%
181,2012,"Wed, Feb 8",1:51 pm,60,75%
182,2012,"Wed, Feb 8",2:51 pm,60,67%
183,2012,"Wed, Feb 8",3:51 pm,59,75%
184,2012,"Wed, Feb 8",4:51 pm,58,78%
185,2012,"Wed, Feb 8",6:06 pm,57,82%
186,2012,"Wed, Feb 8",6:51 pm,56,87%
187,2012,"Wed, Feb 8",7:51 pm,55,90%
188,2012,"Wed, Feb 8",8:51 pm,54,90%
189,2012,"Wed, Feb 8",9:51 pm,59,48%
190,2012,"Wed, Feb 8",10:51 pm,53,86%
191,2012,"Wed, Feb 8",11:51 pm,52,89%
192,2012,"Thu, Feb 9",12:51 am,51,77%
193,2012,"Thu, Feb 9",1:51 am,53,72%
194,2012,"Thu, Feb 9",2:51 am,53,80%
195,2012,"Thu, Feb 9",3:51 am,50,89%
196,2012,"Thu, Feb 9",4:51 am,49,90%
197,2012,"Thu, Feb 9",5:51 am,50,83%
198,2012,"Thu, Feb 9",6:51 am,50,80%
199,2012,"Thu, Feb 9",7:51 am,51,80%
200,2012,"Thu, Feb 9",8:51 am,56,75%
201,2012,"Thu, Feb 9",9:51 am,59,67%
202,2012,"Thu, Feb 9",10:51 am,62,60%
203,2012,"Thu, Feb 9",11:51 am,62,65%
204,2012,"Thu, Feb 9",12:51 pm,61,67%
205,2012,"Thu, Feb 9",1:51 pm,60,75%
206,2012,"Thu, Feb 9",2:51 pm,60,67%
207,2012,"Thu, Feb 9",3:51 pm,59,75%
208,2012,"Thu, Feb 9",4:51 pm,58,78%
209,2012,"Thu, Feb 9",6:06 pm,57,82%
210,2012,"Thu, Feb 9",6:51 pm,56,87%
211,2012,"Thu, Feb 9",7:51 pm,55,90%
212,2012,"Thu, Feb 9",8:51 pm,54,90%
213,2012,"Thu, Feb 9",9:51 pm,59,48%
214,2012,"Thu, Feb 9",10:51 pm,53,86%
215,2012,"Thu, Feb 9",11:51 pm,52,89%
216,2012,"Fri, Feb 10",12:51 am,51,77%
217,2012,"Fri, Feb 10",1:51 am,53,72%
218,2012,"Fri, Feb 10",2:51 am,53,80%
219,2012,"Fri, Feb 10",3:51 am,50,89%
220,2012,"Fri, Feb 10",4:51 am,49,90%
221,2012,"Fri, Feb 10",5:51 am,50,83%
222,2012,"Fri, Feb 10",6:51 am,50,80%
223,2012,"Fri, Feb 10",7:51 am,51,80%
224,2012,"Fri, Feb 10",8:51 am,56,75%
225,2012,"Fri, Feb 10",9:51 am,59,67%
226,2012,"Fri, Feb 10",10:51 am,62,60%
227,2012,"Fri, Feb 10",11:51 am,62,65%
228,2012,"Fri, Feb 10",12:51 pm,61,67%
229,2012,"Fri, Feb 10",1:51 pm,60,75%
230,2012,"Fri, Feb 10",2:51 pm,60,67%
231,2012,"Fri, Feb 10",3:51 pm,59,75%
232,2012,"Fri, Feb 10",4:51 pm,58,78%
233,2012,"Fri, Feb 10",6:06 pm,57,82%
234,2012,"Fri, Feb 10",6:51 pm,56,87%
235,2012,"Fri, Feb 10",7:51 pm,55,90%
236,2012,"Fri, Feb 10",8:51 pm,54,90%
237,2012,"Fri, Feb 10",9:51 pm,59,48%
238,2012,"Fri, Feb 10",10:51 pm,53,86%
239,2012,"Fri, Feb 10",11:51 pm,52,89%
240,2012,"Sat, Feb 11",12:51 am,51,77%
241,2012,"Sat, Feb 11",1:51 am,53,72%
242,2012,"Sat, Feb 11",2:51 am,53,80%
243,2012,"Sat, Feb 11",3:51 am,50,89%
244,2012,"Sat, Feb 11",4:51 am,49,90%
245,2012,"Sat, Feb 11",5:51 am,50,83%
246,2012,"Sat, Feb 11",6:51 am,50,80%
247,2012,"Sat, Feb 11",7:51 am,51,80%
248,2012,"Sat, Feb 11",8:51 am,56,75%
249,2012,"Sat, Feb 11",9:51 am,59,67%
250,2012,"Sat, Feb 11",10:51 am,62,60%
251,2012,"Sat, Feb 11",11:51 am,62,65%
252,2012,"Sat, Feb 11",12:51 pm,61,67%
253,2012,"Sat, Feb 11",1:51 pm,60,75%
254,2012,"Sat, Feb 11",2:51 pm,60,67%
255,2012,"Sat, Feb 11",3:51 pm,59,75%
256,2012,"Sat, Feb 11",4:51 pm,58,78%
257,2012,"Sat, Feb 11",6:06 pm,57,82%
258,2012,"Sat, Feb 11",6:51 pm,56,87%
259,2012,"Sat, Feb 11",7:51 pm,55,90%
260,2012,"Sat, Feb 11",8:51 pm,54,90%
261,2012,"Sat, Feb 11",9:51 pm,59,48%
262,2012,"Sat, Feb 11",10:51 pm,53,86%
263,2012,"Sat, Feb 11",11:51 pm,52,89%
264,2012,"Sun, Feb 12",12:51 am,51,77%
265,2012,"Sun, Feb 12",1:51 am,53,72%
266,2012,"Sun, Feb 12",2:51 am,53,80%
267,2012,"Sun, Feb 12",3:51 am,50,89%
268,2012,"Sun, Feb 12",4:51 am,49,90%
269,2012,"Sun, Feb 12",5:51 am,50,83%
270,2012,"Sun, Feb 12",6:51 am,50,80%
271,2012,"Sun, Feb 12",7:51 am,51,80%
272,2012,"Sun, Feb 12",8:51 am,56,75%
273,2012,"Sun, Feb 12",9:51 am,59,67%
274,2012,"Sun, Feb 12",10:51 am,62,60%
275,2012,"Sun, Feb 12",11:51 am,62,65%
276,2012,"Sun, Feb 12",12:51 pm,61,67%
277,2012,"Sun, Feb 12",1:51 pm,60,75%
278,2012,"Sun, Feb 12",2:51 pm,60,67%
279,2012,"Sun, Feb 12",3:51 pm,59,75%
280,2012,"Sun, Feb 12",4:51 pm,58,78%
281,2012,"Sun, Feb 12",6:06 pm,57,82%
282,2012,"Sun, Feb 12",6:51 pm,56,87%
283,2012,"Sun, Feb 12",7:51 pm,55,90%
284,2012,"Sun, Feb 12",8:51 pm,54,90%
285,2012,"Sun, Feb 12",9:51 pm,59,48%
286,2012,"Sun, Feb 12",10:51 pm,53,86%
287,2012,"Sun, Feb 12",11:51 pm,52,89%
288,2012,"Mon, Feb 13",12:51 am,51,77%
289,2012,"Mon, Feb 13",1:51 am,53,72%
290,2012,"Mon, Feb 13",2:51 am,53,80%
291,2012,"Mon, Feb 13",3:51 am,50,89%
292,2012,"Mon, Feb 13",4:51 am,49,90%
293,2012,"Mon, Feb 13",5:51 am,50,83%
294,2012,"Mon, Feb 13",6:51 am,50,80%
295,2012,"Mon, Feb 13",7:51 am,51,80%
296,2012,"Mon, Feb 13",8:51 am,56,75%
297,2012,"Mon, Feb 13",9:51 am,59,67%
298,2012,"Mon, Feb 13",10:51 am,62,60%
299,2012,"Mon, Feb 13",11:51 am,62,65%
300,2012,"Mon, Feb 13",12:51 pm,61,67%
301,2012,"Mon, Feb 13",1:51 pm,60,75%
302,2012,"Mon, Feb 13",2:51 pm,60,67%
303,2012,"Mon, Feb 13",3:51 pm,59,75%
304,2012,"Mon, Feb 13",4:51 pm,58,78%
305,2012,"Mon, Feb 13",6:06 pm,57,82%
306,2012,"Mon, Feb 13",6:51 pm,56,87%
307,2012,"Mon, Feb 13",7:51 pm,55,90%
308,2012,"Mon, Feb 13",8:51 pm,54,90%
309,2012,"Mon, Feb 13",9:51 pm,59,48%
310,2012,"Mon, Feb 13",10:51 pm,53,86%
311,2012,"Mon, Feb 13",11:51 pm,52,89%
312,2012,"Tue, Feb 14",12:51 am,51,77%
313,2012,"Tue, Feb 14",1:51 am,53,72%
314,2012,"Tue, Feb 14",2:51 am,53,80%
315,2012,"Tue, Feb 14",3:51 am,50,89%
316,2012,"Tue, Feb 14",4:51 am,49,90%
317,2012,"Tue, Feb 14",5:51 am,50,83%
318,2012,"Tue, Feb 14",6:51 am,50,80%
319,2012,"Tue, Feb 14",7:51 am,51,80%
320,2012,"Tue, Feb 14",8:51 am,56,75%
321,2012,"Tue, Feb 14",9:51 am,59,67%
322,2012,"Tue, Feb 14",10:51 am,62,60%
323,2012,"Tue, Feb 14",11:51 am,62,65%
324,2012,"Tue, Feb 14",12:51 pm,61,67%
325,2012,"Tue, Feb 14",1:51 pm,60,75%
326,2012,"Tue, Feb 14",2:51 pm,60,67%
327,2012,"Tue, Feb 14",3:51 pm,59,75%
328,2012,"Tue, Feb 14",4:51 pm,58,78%
329,2012,"Tue, Feb 14",6:06 pm,57,82%
330,2012,"Tue, Feb 14",6:51 pm,56,87%
331,2012,"Tue, Feb 14",7:51 pm,55,90%
332,2012,"Tue, Feb 14",8:51 pm,54,90%
333,2012,"Tue, Feb 14",9:51 pm,59,48%
334,2012,"Tue, Feb 14",10:51 pm,53,86%
335,2012,"Tue, Feb 14",11:51 pm,52,89%
336,2012,"Wed, Feb 15",12:51 am,51,77%
337,2012,"Wed, Feb 15",1:51 am,53,72%
338,2012,"Wed, Feb 15",2:51 am,53,80%
339,2012,"Wed, Feb 15",3:51 am,50,89%
340,2012,"Wed, Feb 15",4:51 am,49,90%
341,2012,"Wed, Feb 15",5:51 am,50,83%
342,2012,"Wed, Feb 15",6:51 am,50,80%
343,2012,"Wed, Feb 15",7:51 am,51,80%
344,2012,"Wed, Feb 15",8:51 am,56,75%
345,2012,"Wed, Feb 15",9:51 am,59,67%
346,2012,"Wed, Feb 15",10:51 am,62,60%
347,2012,"Wed, Feb 15",11:51 am,62,65%
348,2012,"Wed, Feb 15",12:51 pm,61,67%
349,2012,"Wed, Feb 15",1:51 pm,60,75%
350,2012,"Wed, Feb 15",2:51 pm,60,67%
351,2012,"Wed, Feb 15",3:51 pm,59,75%
352,2012,"Wed, Feb 15",4:51 pm,58,78%
353,2012,"Wed, Feb 15",6:06 pm,57,82%
354,2012,"Wed, Feb 15",6:51 pm,56,87%
355,2012,"Wed, Feb 15",7:51 pm,55,90%
356,2012,"Wed, Feb 15",8:51 pm,54,90%
357,2012,"Wed, Feb 15",9:51 pm,59,48%
358,2012,"Wed, Feb 15",10:51 pm,53,86%
359,2012,"Wed, Feb 15",11:51 pm,52,89%
360,2012,"Thu, Feb 16",12:51 am,51,77%
361,2012,"Thu, Feb 16",1:51 am,53,72%
362,2012,"Thu, Feb 16",2:51 am,53,80%
363,2012,"Thu, Feb 16",3:51 am,50,89%
364,2012,"Thu, Feb 16",4:51 am,49,90%
365,2012,"Thu, Feb 16",5:51 am,50,83%
366,2012,"Thu, Feb 16",6:51 am,50,80%
367,2012,"Thu, Feb 16",7:51 am,51,80%
368,2012,"Thu, Feb 16",8:51 am,56,75%
369,2012,"Thu, Feb 16",9:51 am,59,67%
370,2012,"Thu, Feb 16",10:51 am,62,60%
371,2012,"Thu, Feb 16",11:51 am,62,65%
372,2012,"Thu, Feb 16",12:51 pm,61,67%
373,2012,"Thu, Feb 16",1:51 pm,60,75%
374,2012,"Thu, Feb 16",2:51 pm,60,67%
375,2012,"Thu, Feb 16",3:51 pm,59,75%
376,2012,"Thu, Feb 16",4:51 pm,58,78%
377,2012,"Thu, Feb 16",6:06 pm,57,82%
378,2012,"Thu, Feb 16",6:51 pm,56,87%
379,2012,"Thu, Feb 16",7:51 pm,55,90%
380,2012,"Thu, Feb 16",8:51 pm,54,90%
381,2012,"Thu, Feb 16",9:51 pm,59,48%
382,2012,"Thu, Feb 16",10:51 pm,53,86%
383,2012,"Thu, Feb 16",11:51 pm,52,89%
384,2012,"Fri, Feb 17",12:51 am,51,77%
385,2012,"Fri, Feb 17",1:51 am,53,72%
386,2012,"Fri, Feb 17",2:51 am,53,80%
387,2012,"Fri, Feb 17",3:51 am,50,89%
388,2012,"Fri, Feb 17",4:51 am,49,90%
389,2012,"Fri, Feb 17",5:51 am,50,83%
390,2012,"Fri, Feb 17",6:51 am,50,80%
391,2012,"Fri, Feb 17",7:51 am,51,80%
392,2012,"Fri, Feb 17",8:51 am,56,75%
393,2012,"Fri, Feb 17",9:51 am,59,67%
394,2012,"Fri, Feb 17",10:51 am,62,60%
395,2012,"Fri, Feb 17",11:51 am,62,65%
396,2012,"Fri, Feb 17",12:51 pm,61,67%
397,2012,"Fri, Feb 17",1:51 pm,60,75%
398,2012,"Fri, Feb 17",2:51 pm,60,67%
399,2012,"Fri, Feb 17",3:51 pm,59,75%
400,2012,"Fri, Feb 17",4:51 pm,58,78%
401,2012,"Fri, Feb 17",6:06 pm,57,82%
402,2012,"Fri, Feb 17",6:51 pm,56,87%
403,2012,"Fri, Feb 17",7:51 pm,55,90%
404,2012,"Fri, Feb 17",8:51 pm,54,90%
405,2012,"Fri, Feb 17",9:51 pm,59,48%
406,2012,"Fri, Feb 17",10:51 pm,53,86%
407,2012,"Fri, Feb 17",11:51 pm,52,89%
408,2012,"Sat, Feb 18",12:51 am,51,77%
409,2012,"Sat, Feb 18",1:51 am,53,72%
410,2012,"Sat, Feb 18",2:51 am,53,80%
411,2012,"Sat, Feb 18",3:51 am,50,89%
412,2012,"Sat, Feb 18",4:51 am,49,90%
413,2012,"Sat, Feb 18",5:51 am,50,83%
414,2012,"Sat, Feb 18",6:51 am,50,80%
415,2012,"Sat, Feb 18",7:51 am,51,80%
416,2012,"Sat, Feb 18",8:51 am,56,75%
417,2012,"Sat, Feb 18",9:51 am,59,67%
418,2012,"Sat, Feb 18",10:51 am,62,60%
419,2012,"Sat, Feb 18",11:51 am,62,65%
420,2012,"Sat, Feb 18",12:51 pm,61,67%
421,2012,"Sat, Feb 18",1:51 pm,60,75%
422,2012,"Sat, Feb 18",2:51 pm,60,67%
423,2012,"Sat, Feb 18",3:51 pm,59,75%
424,2012,"Sat, Feb 18",4:51 pm,58,78%
425,2012,"Sat, Feb 18",6:06 pm,57,82%
426,2012,"Sat, Feb 18",6:51 pm,56,87%
427,2012,"Sat, Feb 18",7:51 pm,55,90%
428,2012,"Sat, Feb 18",8:51 pm,54,90%
429,2012,"Sat, Feb 18",9:51 pm,59,48%
430,2012,"Sat, Feb 18",10:51 pm,53,86%
431,2012,"Sat, Feb 18",11:51 pm,52,89%
432,2012,"Sun, Feb 19",12:51 am,51,77%
433,2012,"Sun, Feb 19",1:51 am,53,72%
434,2012,"Sun, Feb 19",2:51 am,53,80%
435,2012,"Sun, Feb 19",3:51 am,50,89%
436,2012,"Sun, Feb 19",4:51 am,49,90%
437,2012,"Sun, Feb 19",5:51 am,50,83%
438,2012,"Sun, Feb 19",6:51 am,50,80%
439,2012,"Sun, Feb 19",7:51 am,51,80%
440,2012,"Sun, Feb 19",8:51 am,56,75%
441,2012,"Sun, Feb 19",9:51 am,59,67%
442,2012,"Sun, Feb 19",10:51 am,62,60%
443,2012,"Sun, Feb 19",11:51 am,62,65%
444,2012,"Sun, Feb 19",12:51 pm,61,67%
445,2012,"Sun, Feb 19",1:51 pm,60,75%
446,2012,"Sun, Feb 19",2:51 pm,60,67%
447,2012,"Sun, Feb 19",3:51 pm,59,75%
448,2012,"Sun, Feb 19",4:51 pm,58,78%
449,2012,"Sun, Feb 19",6:06 pm,57,82%
450,2012,"Sun, Feb 19",6:51 pm,56,87%
451,2012,"Sun, Feb 19",7:51 pm,55,90%
452,2012,"Sun, Feb 19",8:51 pm,54,90%
453,2012,"Sun, Feb 19",9:51 pm,59,48%
454,2012,"Sun, Feb 19",10:51 pm,53,86%
455,2012,"Sun, Feb 19",11:51 pm,52,89%
456,2012,"Mon, Feb 20",12:51 am,51,77%
457,2012,"Mon, Feb 20",1:51 am,53,72%
458,2012,"Mon, Feb 20",2:51 am,53,80%
459,2012,"Mon, Feb 20",3:51 am,50,89%
460,2012,"Mon, Feb 20",4:51 am,49,90%
461,2012,"Mon, Feb 20",5:51 am,50,83%
462,2012,"Mon, Feb 20",6:51 am,50,80%
463,2012,"Mon, Feb 20",7:51 am,51,80%
464,2012,"Mon, Feb 20",8:51 am,56,75%
465,2012,"Mon, Feb 20",9:51 am,59,67%
466,2012,"Mon, Feb 20",10:51 am,62,60%
467,2012,"Mon, Feb 20",11:51 am,62,65%
468,2012,"Mon, Feb 20",12:51 pm,61,67%
469,2012,"Mon, Feb 20",1:51 pm,60,75%
470,2012,"Mon, Feb 20",2:51 pm,60,67%
471,2012,"Mon, Feb 20",3:51 pm,59,75%
472,2012,"Mon, Feb 20",4:51 pm,58,78%
473,2012,"Mon, Feb 20",6:06 pm,57,82%
474,2012,"Mon, Feb 20",6:51 pm,56,87%
475,2012,"Mon, Feb 20",7:51 pm,55,90%
476,2012,"Mon, Feb 20",8:51 pm,54,90%
477,2012,"Mon, Feb 20",9:51 pm,59,48%
478,2012,"Mon, Feb 20",10:51 pm,53,86%
479,2012,"Mon, Feb 20",11:51 pm,52,89%
480,2012,"Tue, Feb 21",12:51 am,51,77%
481,2012,"Tue, Feb 21",1:51 am,53,72%
482,2012,"Tue, Feb 21",2:51 am,53,80%
483,2012,"Tue, Feb 21",3:51 am,50,89%
484,2012,"Tue, Feb 21",4:51 am,49,90%
485,2012,"Tue, Feb 21",5:51 am,50,83%
486,2012,"Tue, Feb 21",6:51 am,50,80%
487,2012,"Tue, Feb 21",7:51 am,51,80%
488,2012,"Tue, Feb 21",8:51 am,56,75%
489,2012,"Tue, Feb 21",9:51 am,59,67%
490,2012,"Tue, Feb 21",10:51 am,62,60%
491,2012,"Tue, Feb 21",11:51 am,62,65%
492,2012,"Tue, Feb 21",12:51 pm,61,67%
493,2012,"Tue, Feb 21",1:51 pm,60,75%
494,2012,"Tue, Feb 21",2:51 pm,60,67%
495,2012,"Tue, Feb 21",3:51 pm,59,75%
496,2012,"Tue, Feb 21",4:51 pm,58,78%
497,2012,"Tue, Feb 21",6:06 pm,57,82%
498,2012,"Tue, Feb 21",6:51 pm,56,87%
499,2012,"Tue, Feb 21",7:51 pm,55,90%
500,2012,"Tue, Feb 21",8:51 pm,54,90%
501,2012,"Tue, Feb 21",9:51 pm,59,48%
502,2012,"Tue, Feb 21",10:51 pm,53,86%
503,2012,"Tue, Feb 21",11:51 pm,52,89%
504,2012,"Wed, Feb 22",12:51 am,51,77%
505,2012,"Wed, Feb 22",1:51 am,53,72%
506,2012,"Wed, Feb 22",2:51 am,53,80%
507,2012,"Wed, Feb 22",3:51 am,50,89%
508,2012,"Wed, Feb 22",4:51 am,49,90%
509,2012,"Wed, Feb 22",5:51 am,50,83%
510,2012,"Wed, Feb 22",6:51 am,50,80%
511,2012,"Wed, Feb 22",7:51 am,51,80%
512,2012,"Wed, Feb 22",8:51 am,56,75%
513,2012,"Wed, Feb 22",9:51 am,59,67%
514,2012,"Wed, Feb 22",10:51 am,62,60%
515,2012,"Wed, Feb 22",11:51 am,62,65%
516,2012,"Wed, Feb 22",12:51 pm,61,67%
517,2012,"Wed, Feb 22",1:51 pm,60,75%
518,2012,"Wed, Feb 22",2:51 pm,60,67%
519,2012,"Wed, Feb 22",3:51 pm,59,75%
520,2012,"Wed, Feb 22",4:51 pm,58,78%
521,2012,"Wed, Feb 22",6:06 pm,57,82%
522,2012,"Wed, Feb 22",6:51 pm,56,87%
523,2012,"Wed, Feb 22",7:51 pm,55,90%
524,2012,"Wed, Feb 22",8:51 pm,54,90%
525,2012,"Wed, Feb 22",9:51 pm,59,48%
526,2012,"Wed, Feb 22",10:51 pm,53,86%
527,2012,"Wed, Feb 22",11:51 pm,52,89%
528,2012,"Thu, Feb 23",12:51 am,51,77%
529,2012,"Thu, Feb 23",1:51 am,53,72%
530,2012,"Thu, Feb 23",2:51 am,53,80%
531,2012,"Thu, Feb 23",3:51 am,50,89%
532,2012,"Thu, Feb 23",4:51 am,49,90%
533,2012,"Thu, Feb 23",5:51 am,50,83%
534,2012,"Thu, Feb 23",6:51 am,50,80%
535,2012,"Thu, Feb 23",7:51 am,51,80%
536,2012,"Thu, Feb 23",8:51 am,56,75%
537,2012,"Thu, Feb 23",9:51 am,59,67%
538,2012,"Thu, Feb 23",10:51 am,62,60%
539,2012,"Thu, Feb 23",11:51 am,62,65%
540,2012,"Thu, Feb 23",12:51 pm,61,67%
541,2012,"Thu, Feb 23",1:51 pm,60,75%
542,2012,"Thu, Feb 23",2:51 pm,60,67%
543,2012,"Thu, Feb 23",3:51 pm,59,75%
544,2012,"Thu, Feb 23",4:51 pm,58,78%
545,2012,"Thu, Feb 23",6:06 pm,57,82%
546,2012,"Thu, Feb 23",6:51 pm,56,87%
547,2012,"Thu, Feb 23",7:51 pm,55,90%
548,2012,"Thu, Feb 23",8:51 pm,54,90%
549,2012,"Thu, Feb 23",9:51 pm,59,48%
550,2012,"Thu, Feb 23",10:51 pm,53,86%
551,2012,"Thu, Feb 23",11:51 pm,52,89%
552,2012,"Fri, Feb 24",12:51 am,51,77%
553,2012,"Fri, Feb 24",1:51 am,53,72%
554,2012,"Fri, Feb 24",2:51 am,53,80%
555,2012,"Fri, Feb 24",3:51 am,50,89%
556,2012,"Fri, Feb 24",4:51 am,49,90%
557,2012,"Fri, Feb 24",5:51 am,50,83%
558,2012,"Fri, Feb 24",6:51 am,50,80%
559,2012,"Fri, Feb 24",7:51 am,51,80%
560,2012,"Fri, Feb 24",8:51 am,56,75%
561,2012,"Fri, Feb 24",9:51 am,59,67%
562,2012,"Fri, Feb 24",10:51 am,62,60%
563,2012,"Fri, Feb 24",11:51 am,62,65%
564,2012,"Fri, Feb 24",12:51 pm,61,67%
565,2012,"Fri, Feb 24",1:51 pm,60,75%
566,2012,"Fri, Feb 24",2:51 pm,60,67%
567,2012,"Fri, Feb 24",3:51 pm,59,75%
568,2012,"Fri, Feb 24",4:51 pm,58,78%
569,2012,"Fri, Feb 24",6:06 pm,57,82%
570,2012,"Fri, Feb 24",6:51 pm,56,87%
571,2012,"Fri, Feb 24",7:51 pm,55,90%
572,2012,"Fri, Feb 24",8:51 pm,54,90%
573,2012,"Fri, Feb 24",9:51 pm,59,48%
574,2012,"Fri, Feb 24",10:51 pm,53,86%
575,2012,"Fri, Feb 24",11:51 pm,52,89%
576,2012,"Sat, Feb 25",12:51 am,51,77%
577,2012,"Sat, Feb 25",1:51 am,53,72%
578,2012,"Sat, Feb 25",2:51 am,53,80%
579,2012,"Sat, Feb 25",3:51 am,50,89%
580,2012,"Sat, Feb 25",4:51 am,49,90%
581,2012,"Sat, Feb 25",5:51 am,50,83%
582,2012,"Sat, Feb 25",6:51 am,50,80%
583,2012,"Sat, Feb 25",7:51 am,51,80%
584,2012,"Sat, Feb 25",8:51 am,56,75%
585,2012,"Sat, Feb 25",9:51 am,59,67%
586,2012,"Sat, Feb 25",10:51 am,62,60%
587,2012,"Sat, Feb 25",11:51 am,62,65%
588,2012,"Sat, Feb 25",12:51 pm,61,67%
589,2012,"Sat, Feb 25",1:51 pm,60,75%
590,2012,"Sat, Feb 25",2:51 pm,60,67%
591,2012,"Sat, Feb 25",3:51 pm,59,75%
592,2012,"Sat, Feb 25",4:51 pm,58,78%
593,2012,"Sat, Feb 25",6:06 pm,57,82%
594,2012,"Sat, Feb 25",6:51 pm,56,87%
595,2012,"Sat, Feb 25",7:51 pm,55,90%
596,2012,"Sat, Feb 25",8:51 pm,54,90%
597,2012,"Sat, Feb 25",9:51 pm,59,48%
598,2012,"Sat, Feb 25",10:51 pm,53,86%
599,2012,"Sat, Feb 25",11:51 pm,52,89%
600,2012,"Sun, Feb 26",12:51 am,51,77%
601,2012,"Sun, Feb 26",1:51 am,53,72%
602,2012,"Sun, Feb 26",2:51 am,53,80%
603,2012,"Sun, Feb 26",3:51 am,50,89%
604,2012,"Sun, Feb 26",4:51 am,49,90%
605,2012,"Sun, Feb 26",5:51 am,50,83%
606,2012,"Sun, Feb 26",6:51 am,50,80%
607,2012,"Sun, Feb 26",7:51 am,51,80%
608,2012,"Sun, Feb 26",8:51 am,56,75%
609,2012,"Sun, Feb 26",9:51 am,59,67%
610,2012,"Sun, Feb 26",10:51 am,62,60%
611,2012,"Sun, Feb 26",11:51 am,62,65%
612,2012,"Sun, Feb 26",12:51 pm,61,67%
613,2012,"Sun, Feb 26",1:51 pm,60,75%
614,2012,"Sun, Feb 26",2:51 pm,60,67%
615,2012,"Sun, Feb 26",3:51 pm,59,75%
616,2012,"Sun, Feb 26",4:51 pm,58,78%
617,2012,"Sun, Feb 26",6:06 pm,57,82%
618,2012,"Sun, Feb 26",6:51 pm,56,87%
619,2012,"Sun, Feb 26",7:51 pm,55,90%
620,2012,"Sun, Feb 26",8:51 pm,54,90%
621,2012,"Sun, Feb 26",9:51 pm,59,48%
622,2012,"Sun, Feb 26",10:51 pm,53,86%
623,2012,"Sun, Feb 26",11:51 pm,52,89%
624,2012,"Mon, Feb 27",12:51 am,51,77%
625,2012,"Mon, Feb 27",1:51 am,53,72%
626,2012,"Mon, Feb 27",2:51 am,53,80%
627,2012,"Mon, Feb 27",3:51 am,50,89%
628,2012,"Mon, Feb 27",4:51 am,49,90%
629,2012,"Mon, Feb 27",5:51 am,50,83%
630,2012,"Mon, Feb 27",6:51 am,50,80%
631,2012,"Mon, Feb 27",7:51 am,51,80%
632,2012,"Mon, Feb 27",8:51 am,56,75%
633,2012,"Mon, Feb 27",9:51 am,59,67%
634,2012,"Mon, Feb 27",10:51 am,62,60%
635,2012,"Mon, Feb 27",11:51 am,62,65%
636,2012,"Mon, Feb 27",12:51 pm,61,67%
637,2012,"Mon, Feb 27",1:51 pm,60,75%
638,2012,"Mon, Feb 27",2:51 pm,60,67%
639,2012,"Mon, Feb 27",3:51 pm,59,75%
640,2012,"Mon, Feb 27",4:51 pm,58,78%
641,2012,"Mon, Feb 27",6:06 pm,57,82%
642,2012,"Mon, Feb 27",6:51 pm,56,87%
643,2012,"Mon, Feb 27",7:51 pm,55,90%
644,2012,"Mon, Feb 27",8:51 pm,54,90%
645,2012,"Mon, Feb 27",9:51 pm,59,48%
646,2012,"Mon, Feb 27",10:51 pm,53,86%
647,2012,"Mon, Feb 27",11:51 pm,52,89%
648,2012,"Tue, Feb 28",12:51 am,51,77%
649,2012,"Tue, Feb 28",1:51 am,53,72%
650,2012,"Tue, Feb 28",2:51 am,53,80%
651,2012,"Tue, Feb 28",3:51 am,50,89%
652,2012,"Tue, Feb 28",4:51 am,49,90%
653,2012,"Tue, Feb 28",5:51 am,50,83%
654,2012,"Tue, Feb 28",6:51 am,50,80%
655,2012,"Tue, Feb 28",7:51 am,51,80%
656,2012,"Tue, Feb 28",8:51 am,56,75%
657,2012,"Tue, Feb 28",9:51 am,59,67%
658,2012,"Tue, Feb 28",10:51 am,62,60%
659,2012,"Tue, Feb 28",11:51 am,62,65%
660,2012,"Tue, Feb 28",12:51 pm,61,67%
661,2012,"Tue, Feb 28",1:51 pm,60,75%
662,2012,"Tue, Feb 28",2:51 pm,60,67%
663,2012,"Tue, Feb 28",3:51 pm,59,75%
664,2012,"Tue, Feb 28",4:51 pm,58,78%
665,2012,"Tue, Feb 28",6:06 pm,57,82%
666,2012,"Tue, Feb 28",6:51 pm,56,87%
667,2012,"Tue, Feb 28",7:51 pm,55,90%
668,2012,"Tue, Feb 28",8:51 pm,54,90%
669,2012,"Tue, Feb 28",9:51 pm,59,48%
670,2012,"Tue, Feb 28",10:51 pm,53,86%
671,2012,"Tue, Feb 28",11:51 pm,52,89%
672,2012,"Wed, Feb 29",12:51 am,51,77%
673,2012,"Wed, Feb 29",1:51 am,53,72%
674,2012,"Wed, Feb 29",2:51 am,53,80%
675,2012,"Wed, Feb 29",3:51 am,50,89%
676,2012,"Wed, Feb 29",4:51 am,49,90%
677,2012,"Wed, Feb 29",5:51 am,50,83%
678,2012,"Wed, Feb 29",6:51 am,50,80%
679,2012,"Wed, Feb 29",7:51 am,51,80%
680,2012,"Wed, Feb 29",8:51 am,56,75%
681,2012,"Wed, Feb 29",9:51 am,59,67%
682,2012,"Wed, Feb 29",10:51 am,62,60%
683,2012,"Wed, Feb 29",11:51 am,62,65%
684,2012,"Wed, Feb 29",12:51 pm,61,67%
685,2012,"Wed, Feb 29",1:51 pm,60,75%
686,2012,"Wed, Feb 29",2:51 pm,60,67%
687,2012,"Wed, Feb 29",3:51 pm,59,75%
688,2012,"Wed, Feb 29",4:51 pm,58,78%
689,2012,"Wed, Feb 29",6:06 pm,57,82%
690,2012,"Wed, Feb 29",6:51 pm,56,87%
691,2012,"Wed, Feb 29",7:51 pm,55,90%
692,2012,"Wed, Feb 29",8:51 pm,54,90%
693,2012,"Wed, Feb 29",9:51 pm,59,48%
694,2012,"Wed, Feb 29",10:51 pm,53,86%
695,2012,"Wed, Feb 29",11:51 pm,52,89%
